;pg_semantic_abstract+article;pg_semantic_article;pg_text_article
hit_rate;0.91;0.8583333333333333;0.5766666666666667
mean_reciprocal_rank;0.8676388888888887;0.8116666666666666;0.4825
